id,name,model_id:id,group_id:id,perm_read,perm_write,perm_create,perm_unlink
access_asset_user,cloud.inv.asset user,model_cloud_inv_asset,group_cloud_inv_user,1,1,1,1
access_asset_manager,cloud.inv.asset manager,model_cloud_inv_asset,group_cloud_inv_manager,1,1,1,1
access_datacenter_user,cloud.inv.datacenter user,model_cloud_inv_datacenter,group_cloud_inv_user,1,0,0,0
access_datacenter_manager,cloud.inv.datacenter manager,model_cloud_inv_datacenter,group_cloud_inv_manager,1,1,1,1
access_hall_user,cloud.inv.hall user,model_cloud_inv_hall,group_cloud_inv_user,1,0,0,0
access_hall_manager,cloud.inv.hall manager,model_cloud_inv_hall,group_cloud_inv_manager,1,1,1,1
access_room_user,cloud.inv.room user,model_cloud_inv_room,group_cloud_inv_user,1,0,0,0
access_room_manager,cloud.inv.room manager,model_cloud_inv_room,group_cloud_inv_manager,1,1,1,1
access_rack_user,cloud.inv.rack user,model_cloud_inv_rack,group_cloud_inv_user,1,0,0,0
access_rack_manager,cloud.inv.rack manager,model_cloud_inv_rack,group_cloud_inv_manager,1,1,1,1
access_brand_user,cloud.inv.brand user,model_cloud_inv_brand,group_cloud_inv_user,1,0,0,0
access_brand_manager,cloud.inv.brand manager,model_cloud_inv_brand,group_cloud_inv_manager,1,1,1,1
access_model_user,cloud.inv.model user,model_cloud_inv_model,group_cloud_inv_user,1,0,0,0
access_model_manager,cloud.inv.model manager,model_cloud_inv_model,group_cloud_inv_manager,1,1,1,1
access_cpu_user,cloud.inv.cpu user,model_cloud_inv_cpu,group_cloud_inv_user,1,0,0,0
access_cpu_manager,cloud.inv.cpu manager,model_cloud_inv_cpu,group_cloud_inv_manager,1,1,1,1
access_ram_user,cloud.inv.ram user,model_cloud_inv_ram,group_cloud_inv_user,1,0,0,0
access_ram_manager,cloud.inv.ram manager,model_cloud_inv_ram,group_cloud_inv_manager,1,1,1,1
access_storage_user,cloud.inv.storage user,model_cloud_inv_storage,group_cloud_inv_user,1,0,0,0
access_storage_manager,cloud.inv.storage manager,model_cloud_inv_storage,group_cloud_inv_manager,1,1,1,1
access_cluster_user,cloud.inv.cluster user,model_cloud_inv_cluster,group_cloud_inv_user,1,0,0,0
access_cluster_manager,cloud.inv.cluster manager,model_cloud_inv_cluster,group_cloud_inv_manager,1,1,1,1
access_site_user,cloud.inv.site user,model_cloud_inv_site,group_cloud_inv_user,1,0,0,0
access_site_manager,cloud.inv.site manager,model_cloud_inv_site,group_cloud_inv_manager,1,1,1,1
access_tag_user,cloud.inv.tag user,model_cloud_inv_tag,group_cloud_inv_user,1,0,0,0
access_tag_manager,cloud.inv.tag manager,model_cloud_inv_tag,group_cloud_inv_manager,1,1,1,1
access_product_type_user,cloud.inv.product.type user,model_cloud_inv_product_type,group_cloud_inv_user,1,0,0,0
access_product_type_manager,cloud.inv.product.type manager,model_cloud_inv_product_type,group_cloud_inv_manager,1,1,1,1
access_dashboard_user,cloud.inv.dashboard user,model_cloud_inv_dashboard,group_cloud_inv_user,1,0,0,0
access_dashboard_manager,cloud.inv.dashboard manager,model_cloud_inv_dashboard,group_cloud_inv_manager,1,0,0,0
access_nic_user,cloud.inv.nic user,model_cloud_inv_nic,group_cloud_inv_user,1,0,0,0
access_nic_manager,cloud.inv.nic manager,model_cloud_inv_nic,group_cloud_inv_manager,1,1,1,1
access_hba_user,cloud.inv.hba user,model_cloud_inv_hba,group_cloud_inv_user,1,0,0,0
access_hba_manager,cloud.inv.hba manager,model_cloud_inv_hba,group_cloud_inv_manager,1,1,1,1
access_warehouse_user,cloud.inv.warehouse user,model_cloud_inv_warehouse,group_cloud_inv_user,1,0,0,0
access_warehouse_manager,cloud.inv.warehouse manager,model_cloud_inv_warehouse,group_cloud_inv_manager,1,1,1,1
access_movement_user,cloud.inv.movement user,model_cloud_inv_movement,group_cloud_inv_user,1,0,1,0
access_movement_manager,cloud.inv.movement manager,model_cloud_inv_movement,group_cloud_inv_manager,1,1,1,1
access_report_wizard_user,cloud.inv.report.wizard user,model_cloud_inv_report_wizard,group_cloud_inv_user,1,1,1,1
access_report_wizard_manager,cloud.inv.report.wizard manager,model_cloud_inv_report_wizard,group_cloud_inv_manager,1,1,1,1
access_move_wizard_user,cloud.inv.move.wizard user,model_cloud_inv_move_wizard,group_cloud_inv_user,1,1,1,1
access_move_wizard_manager,cloud.inv.move.wizard manager,model_cloud_inv_move_wizard,group_cloud_inv_manager,1,1,1,1
access_rack_gen_user,cloud.inv.rack.generator user,model_cloud_inv_rack_generator,group_cloud_inv_user,1,1,1,1
access_rack_gen_manager,cloud.inv.rack.generator manager,model_cloud_inv_rack_generator,group_cloud_inv_manager,1,1,1,1
